{"nextId":2,"logins":[{"id":1,"hostname":"http://localhost","httpRealm":null,"formSubmitURL":"http://localhost","usernameField":"usuario","passwordField":"contrasena","encryptedUsername":"MDIEEPgAAAAAAAAAAAAAAAAAAAEwFAYIKoZIhvcNAwcECFGxZJFNuuaOBAh7EcLA7vm8OA==","encryptedPassword":"MDoEEPgAAAAAAAAAAAAAAAAAAAEwFAYIKoZIhvcNAwcECGrNIv3xpGmGBBCSn7dV8zYl21aKIMP7K8zG","guid":"{659de17b-8183-448e-beb8-cf3eb85aef9b}","encType":1,"timeCreated":1696012257645,"timeLastUsed":1696012257645,"timePasswordChanged":1696012257645,"timesUsed":1}],"potentiallyVulnerablePasswords":[],"dismissedBreachAlertsByLoginGUID":{},"version":3}