{"data":[{"GPOChanges":{"LocalAdmins":[],"RemoteDesktopUsers":[],"DcomUsers":[],"PSRemoteUsers":[],"AffectedComputers":[]},"Properties":{"domain":"CONTROL.NYX","name":"CONTROL.NYX","distinguishedname":"DC=CONTROL,DC=NYX","domainsid":"S-1-5-21-2142633474-2248127568-3584646925","isaclprotected":false,"whencreated":1729596048,"expirepasswordsonsmartcardonlyaccounts":true,"machineaccountquota":10,"minpwdlength":7,"pwdproperties":1,"pwdhistorylength":24,"lockoutthreshold":0,"minpwdage":"1 day","maxpwdage":"42 days","lockoutduration":"10 minutes","lockoutobservationwindow":-6000000000,"functionallevel":"2016","dsheuristics":null,"collected":true},"ChildObjects":[],"Trusts":[],"Links":[{"IsEnforced":false,"GUID":"DECB6831-A334-4F54-8137-9060A4EF502F"}],"InheritanceHashes":["62C26D4FB3FF64505B03CDD35D648DFBC6C157CC","8A7E70B9447D3D266713CC63539109610AAA6F86","2B70C541025ADC1ECA02A83D86E5BB8AD76343C0","3394B12047D813D8E785125F70F036295659396E","82F1118FBA43CD2991735436A4256B6401296391","C8CE4AAA5C895484A901F72D613EFA95438BFA1A","59E396EE9D1563738E09F4AFF5AD9F6A2B49ED81","79E657916A6257A3890516F4B5C5749385CE5F20","1E2C5E5D6036945B25A0266659639802036FDAE6","3DE3D31BBEDBB149C22B91C4D5D825C27516FC5F","EE7C62BD0BDA67AA9375734AD13D1B6CC290585E","195BDF5C18EF348D1E32B3776E15256C3BE6D538","8C74E47810A59795113F55CA35B1B0DBD66C3F83","743D89658154E650805272325F934263D6151DED","071E9D07A61B031233EB2CB44ABC2363AA4BA22F","8F98BE23EF0F9767559FBEAB131B2C5A4BEBD3D6","DD535FBD6F04B9160C8671CC680E942E29CB9B0E","82CDB193747C1F5C2D0BE388A2B7581B8224D361","B6558A8F4A0E7763D7A4B70E4EDA03989DA879C1","8EE3A212473764F020825CE6739CBD91BDCBBB07","98CE3E1F132A5ACD78F5D2BDEBF6AF1C9873EBCA"],"ForestRootIdentifier":"S-1-5-21-2142633474-2248127568-3584646925","Aces":[{"PrincipalSID":"CONTROL.NYX-S-1-5-32-544","PrincipalType":"Group","RightName":"Owns","IsInherited":false,"InheritanceHash":""},{"PrincipalSID":"CONTROL.NYX-S-1-5-32-544","PrincipalType":"Group","RightName":"WriteDacl","IsInherited":false,"InheritanceHash":""},{"PrincipalSID":"CONTROL.NYX-S-1-5-32-544","PrincipalType":"Group","RightName":"WriteOwner","IsInherited":false,"InheritanceHash":""},{"PrincipalSID":"CONTROL.NYX-S-1-5-32-544","PrincipalType":"Group","RightName":"AllExtendedRights","IsInherited":false,"InheritanceHash":""},{"PrincipalSID":"CONTROL.NYX-S-1-5-32-544","PrincipalType":"Group","RightName":"GenericWrite","IsInherited":false,"InheritanceHash":""},{"PrincipalSID":"S-1-5-21-2142633474-2248127568-3584646925-512","PrincipalType":"Group","RightName":"WriteDacl","IsInherited":false,"InheritanceHash":""},{"PrincipalSID":"S-1-5-21-2142633474-2248127568-3584646925-512","PrincipalType":"Group","RightName":"WriteOwner","IsInherited":false,"InheritanceHash":""},{"PrincipalSID":"S-1-5-21-2142633474-2248127568-3584646925-512","PrincipalType":"Group","RightName":"AllExtendedRights","IsInherited":false,"InheritanceHash":""},{"PrincipalSID":"S-1-5-21-2142633474-2248127568-3584646925-512","PrincipalType":"Group","RightName":"GenericWrite","IsInherited":false,"InheritanceHash":""},{"PrincipalSID":"S-1-5-21-2142633474-2248127568-3584646925-519","PrincipalType":"Group","RightName":"GenericAll","IsInherited":false,"InheritanceHash":""},{"PrincipalSID":"S-1-5-21-2142633474-2248127568-3584646925-1103","PrincipalType":"User","RightName":"AllExtendedRights","IsInherited":false,"InheritanceHash":""},{"PrincipalSID":"CONTROL.NYX-S-1-5-9","PrincipalType":"Group","RightName":"GetChanges","IsInherited":false,"InheritanceHash":""},{"PrincipalSID":"CONTROL.NYX-S-1-5-9","PrincipalType":"Group","RightName":"GetChangesInFilteredSet","IsInherited":false,"InheritanceHash":""},{"PrincipalSID":"CONTROL.NYX-S-1-5-32-544","PrincipalType":"Group","RightName":"GetChangesAll","IsInherited":false,"InheritanceHash":""},{"PrincipalSID":"CONTROL.NYX-S-1-5-32-544","PrincipalType":"Group","RightName":"GetChanges","IsInherited":false,"InheritanceHash":""},{"PrincipalSID":"CONTROL.NYX-S-1-5-32-544","PrincipalType":"Group","RightName":"GetChangesInFilteredSet","IsInherited":false,"InheritanceHash":""},{"PrincipalSID":"S-1-5-21-2142633474-2248127568-3584646925-498","PrincipalType":"Group","RightName":"GetChanges","IsInherited":false,"InheritanceHash":""},{"PrincipalSID":"S-1-5-21-2142633474-2248127568-3584646925-516","PrincipalType":"Group","RightName":"GetChangesAll","IsInherited":false,"InheritanceHash":""}],"ObjectIdentifier":"S-1-5-21-2142633474-2248127568-3584646925","IsDeleted":false,"IsACLProtected":false,"ContainedBy":null}],"meta":{"methods":291819,"type":"domains","count":1,"version":6,"collectorversion":"2.5.13.0"}}