{"data":[{"Properties":{"domain":"CONTROL.NYX","name":"DEFAULT DOMAIN POLICY@CONTROL.NYX","distinguishedname":"CN={31B2F340-016D-11D2-945F-00C04FB984F9},CN=POLICIES,CN=SYSTEM,DC=CONTROL,DC=NYX","domainsid":"S-1-5-21-2142633474-2248127568-3584646925","isaclprotected":true,"whencreated":1729596053,"gpcpath":"\\\\CONTROL.NYX\\SYSVOL\\CONTROL.NYX\\POLICIES\\{31B2F340-016D-11D2-945F-00C04FB984F9}"},"Aces":[{"PrincipalSID":"S-1-5-21-2142633474-2248127568-3584646925-512","PrincipalType":"Group","RightName":"Owns","IsInherited":false,"InheritanceHash":""},{"PrincipalSID":"S-1-5-21-2142633474-2248127568-3584646925-512","PrincipalType":"Group","RightName":"WriteDacl","IsInherited":false,"InheritanceHash":""},{"PrincipalSID":"S-1-5-21-2142633474-2248127568-3584646925-512","PrincipalType":"Group","RightName":"WriteOwner","IsInherited":false,"InheritanceHash":""},{"PrincipalSID":"S-1-5-21-2142633474-2248127568-3584646925-512","PrincipalType":"Group","RightName":"GenericWrite","IsInherited":false,"InheritanceHash":""},{"PrincipalSID":"S-1-5-21-2142633474-2248127568-3584646925-512","PrincipalType":"Group","RightName":"WriteDacl","IsInherited":false,"InheritanceHash":""},{"PrincipalSID":"S-1-5-21-2142633474-2248127568-3584646925-512","PrincipalType":"Group","RightName":"WriteOwner","IsInherited":false,"InheritanceHash":""},{"PrincipalSID":"S-1-5-21-2142633474-2248127568-3584646925-512","PrincipalType":"Group","RightName":"GenericWrite","IsInherited":false,"InheritanceHash":""},{"PrincipalSID":"S-1-5-21-2142633474-2248127568-3584646925-519","PrincipalType":"Group","RightName":"WriteDacl","IsInherited":false,"InheritanceHash":""},{"PrincipalSID":"S-1-5-21-2142633474-2248127568-3584646925-519","PrincipalType":"Group","RightName":"WriteOwner","IsInherited":false,"InheritanceHash":""},{"PrincipalSID":"S-1-5-21-2142633474-2248127568-3584646925-519","PrincipalType":"Group","RightName":"GenericWrite","IsInherited":false,"InheritanceHash":""}],"ObjectIdentifier":"DECB6831-A334-4F54-8137-9060A4EF502F","IsDeleted":false,"IsACLProtected":true,"ContainedBy":null},{"Properties":{"domain":"CONTROL.NYX","name":"DEFAULT DOMAIN CONTROLLERS POLICY@CONTROL.NYX","distinguishedname":"CN={6AC1786C-016F-11D2-945F-00C04FB984F9},CN=POLICIES,CN=SYSTEM,DC=CONTROL,DC=NYX","domainsid":"S-1-5-21-2142633474-2248127568-3584646925","isaclprotected":true,"whencreated":1729596053,"gpcpath":"\\\\CONTROL.NYX\\SYSVOL\\CONTROL.NYX\\POLICIES\\{6AC1786C-016F-11D2-945F-00C04FB984F9}"},"Aces":[{"PrincipalSID":"S-1-5-21-2142633474-2248127568-3584646925-512","PrincipalType":"Group","RightName":"Owns","IsInherited":false,"InheritanceHash":""},{"PrincipalSID":"S-1-5-21-2142633474-2248127568-3584646925-512","PrincipalType":"Group","RightName":"WriteDacl","IsInherited":false,"InheritanceHash":""},{"PrincipalSID":"S-1-5-21-2142633474-2248127568-3584646925-512","PrincipalType":"Group","RightName":"WriteOwner","IsInherited":false,"InheritanceHash":""},{"PrincipalSID":"S-1-5-21-2142633474-2248127568-3584646925-512","PrincipalType":"Group","RightName":"GenericWrite","IsInherited":false,"InheritanceHash":""},{"PrincipalSID":"S-1-5-21-2142633474-2248127568-3584646925-512","PrincipalType":"Group","RightName":"WriteDacl","IsInherited":false,"InheritanceHash":""},{"PrincipalSID":"S-1-5-21-2142633474-2248127568-3584646925-512","PrincipalType":"Group","RightName":"WriteOwner","IsInherited":false,"InheritanceHash":""},{"PrincipalSID":"S-1-5-21-2142633474-2248127568-3584646925-512","PrincipalType":"Group","RightName":"GenericWrite","IsInherited":false,"InheritanceHash":""},{"PrincipalSID":"S-1-5-21-2142633474-2248127568-3584646925-519","PrincipalType":"Group","RightName":"WriteDacl","IsInherited":false,"InheritanceHash":""},{"PrincipalSID":"S-1-5-21-2142633474-2248127568-3584646925-519","PrincipalType":"Group","RightName":"WriteOwner","IsInherited":false,"InheritanceHash":""},{"PrincipalSID":"S-1-5-21-2142633474-2248127568-3584646925-519","PrincipalType":"Group","RightName":"GenericWrite","IsInherited":false,"InheritanceHash":""}],"ObjectIdentifier":"7EEB69C1-76DE-46AB-A50E-33F2DB171082","IsDeleted":false,"IsACLProtected":true,"ContainedBy":null}],"meta":{"methods":291819,"type":"gpos","count":2,"version":6,"collectorversion":"2.5.13.0"}}