{"data":[{"Properties":{"domain":"CONTROL.NYX","name":"CONTROLER.CONTROL.NYX","distinguishedname":"CN=CONTROLER,OU=DOMAIN CONTROLLERS,DC=CONTROL,DC=NYX","domainsid":"S-1-5-21-2142633474-2248127568-3584646925","samaccountname":"CONTROLER$","haslaps":false,"isaclprotected":false,"whencreated":1729596093,"enabled":true,"unconstraineddelegation":true,"trustedtoauth":false,"isdc":true,"encryptedtextpwdallowed":false,"usedeskeyonly":false,"logonscriptenabled":false,"lockedout":false,"passwordexpired":false,"supportedencryptiontypes":["RC4-HMAC-MD5","AES128-CTS-HMAC-SHA1-96","AES256-CTS-HMAC-SHA1-96"],"lastlogon":1737230662,"lastlogontimestamp":1736994247,"pwdlastset":1736994233,"serviceprincipalnames":["Dfsr-12F9A27C-BF97-4787-9364-D31B6C55EB04/Controler.control.nyx","ldap/Controler.control.nyx/ForestDnsZones.control.nyx","ldap/Controler.control.nyx/DomainDnsZones.control.nyx","DNS/Controler.control.nyx","GC/Controler.control.nyx/control.nyx","HOST/Controler.control.nyx/CONTROL","HOST/Controler.control.nyx/control.nyx","ldap/Controler.control.nyx/CONTROL","ldap/Controler.control.nyx","ldap/Controler.control.nyx/control.nyx","RestrictedKrbHost/Controler.control.nyx","HOST/Controler.control.nyx","RestrictedKrbHost/CONTROLER","HOST/CONTROLER/CONTROL","HOST/CONTROLER","ldap/CONTROLER/CONTROL","ldap/CONTROLER","RPC/b6e60631-d513-4644-b82d-5e8d5273e182._msdcs.control.nyx","E3514235-4B06-11D1-AB04-00C04FC2DCD2/b6e60631-d513-4644-b82d-5e8d5273e182/control.nyx","ldap/b6e60631-d513-4644-b82d-5e8d5273e182._msdcs.control.nyx"],"email":null,"useraccountcontrol":532480,"operatingsystem":"Windows Server 2019 Standard Evaluation","sidhistory":[]},"PrimaryGroupSID":"S-1-5-21-2142633474-2248127568-3584646925-516","AllowedToDelegate":[],"AllowedToAct":[],"HasSIDHistory":[],"DumpSMSAPassword":[],"Sessions":{"Results":[],"Collected":false,"FailureReason":"ErrorAccessDenied"},"PrivilegedSessions":{"Results":[],"Collected":false,"FailureReason":null},"RegistrySessions":{"Results":[],"Collected":false,"FailureReason":null},"LocalGroups":[{"ObjectIdentifier":"CONTROL.NYX-S-1-5-32-549","Name":"IGNOREME","Results":[],"LocalNames":[],"Collected":true,"FailureReason":null},{"ObjectIdentifier":"CONTROL.NYX-S-1-5-32-548","Name":"IGNOREME","Results":[],"LocalNames":[],"Collected":true,"FailureReason":null},{"ObjectIdentifier":"CONTROL.NYX-S-1-5-32-554","Name":"IGNOREME","Results":[{"ObjectIdentifier":"CONTROL.NYX-S-1-5-11","ObjectType":"Group"}],"LocalNames":[],"Collected":true,"FailureReason":null},{"ObjectIdentifier":"CONTROL.NYX-S-1-5-32-557","Name":"IGNOREME","Results":[],"LocalNames":[],"Collected":true,"FailureReason":null},{"ObjectIdentifier":"CONTROL.NYX-S-1-5-32-560","Name":"IGNOREME","Results":[{"ObjectIdentifier":"CONTROL.NYX-S-1-5-9","ObjectType":"Group"}],"LocalNames":[],"Collected":true,"FailureReason":null},{"ObjectIdentifier":"CONTROL.NYX-S-1-5-32-561","Name":"IGNOREME","Results":[],"LocalNames":[],"Collected":true,"FailureReason":null},{"ObjectIdentifier":"CONTROL.NYX-S-1-5-32-544","Name":"IGNOREME","Results":[{"ObjectIdentifier":"S-1-5-21-2142633474-2248127568-3584646925-500","ObjectType":"User"},{"ObjectIdentifier":"S-1-5-21-2142633474-2248127568-3584646925-519","ObjectType":"Group"},{"ObjectIdentifier":"S-1-5-21-2142633474-2248127568-3584646925-512","ObjectType":"Group"}],"LocalNames":[],"Collected":true,"FailureReason":null},{"ObjectIdentifier":"CONTROL.NYX-S-1-5-32-545","Name":"IGNOREME","Results":[{"ObjectIdentifier":"CONTROL.NYX-S-1-5-11","ObjectType":"Group"},{"ObjectIdentifier":"S-1-5-21-2142633474-2248127568-3584646925-513","ObjectType":"Group"}],"LocalNames":[],"Collected":true,"FailureReason":null},{"ObjectIdentifier":"CONTROL.NYX-S-1-5-32-546","Name":"IGNOREME","Results":[{"ObjectIdentifier":"S-1-5-21-2142633474-2248127568-3584646925-501","ObjectType":"User"},{"ObjectIdentifier":"S-1-5-21-2142633474-2248127568-3584646925-514","ObjectType":"Group"}],"LocalNames":[],"Collected":true,"FailureReason":null},{"ObjectIdentifier":"CONTROL.NYX-S-1-5-32-550","Name":"IGNOREME","Results":[],"LocalNames":[],"Collected":true,"FailureReason":null},{"ObjectIdentifier":"CONTROL.NYX-S-1-5-32-551","Name":"IGNOREME","Results":[],"LocalNames":[],"Collected":true,"FailureReason":null},{"ObjectIdentifier":"CONTROL.NYX-S-1-5-32-552","Name":"IGNOREME","Results":[],"LocalNames":[],"Collected":true,"FailureReason":null},{"ObjectIdentifier":"CONTROL.NYX-S-1-5-32-555","Name":"IGNOREME","Results":[],"LocalNames":[],"Collected":true,"FailureReason":null},{"ObjectIdentifier":"CONTROL.NYX-S-1-5-32-556","Name":"IGNOREME","Results":[],"LocalNames":[],"Collected":true,"FailureReason":null},{"ObjectIdentifier":"CONTROL.NYX-S-1-5-32-558","Name":"IGNOREME","Results":[],"LocalNames":[],"Collected":true,"FailureReason":null},{"ObjectIdentifier":"CONTROL.NYX-S-1-5-32-559","Name":"IGNOREME","Results":[],"LocalNames":[],"Collected":true,"FailureReason":null},{"ObjectIdentifier":"CONTROL.NYX-S-1-5-32-562","Name":"IGNOREME","Results":[],"LocalNames":[],"Collected":true,"FailureReason":null},{"ObjectIdentifier":"CONTROL.NYX-S-1-5-32-568","Name":"IGNOREME","Results":[{"ObjectIdentifier":"CONTROL.NYX-S-1-5-17","ObjectType":"User"}],"LocalNames":[],"Collected":true,"FailureReason":null},{"ObjectIdentifier":"CONTROL.NYX-S-1-5-32-569","Name":"IGNOREME","Results":[],"LocalNames":[],"Collected":true,"FailureReason":null},{"ObjectIdentifier":"CONTROL.NYX-S-1-5-32-573","Name":"IGNOREME","Results":[],"LocalNames":[],"Collected":true,"FailureReason":null},{"ObjectIdentifier":"CONTROL.NYX-S-1-5-32-574","Name":"IGNOREME","Results":[],"LocalNames":[],"Collected":true,"FailureReason":null},{"ObjectIdentifier":"CONTROL.NYX-S-1-5-32-575","Name":"IGNOREME","Results":[],"LocalNames":[],"Collected":true,"FailureReason":null},{"ObjectIdentifier":"CONTROL.NYX-S-1-5-32-576","Name":"IGNOREME","Results":[],"LocalNames":[],"Collected":true,"FailureReason":null},{"ObjectIdentifier":"CONTROL.NYX-S-1-5-32-577","Name":"IGNOREME","Results":[],"LocalNames":[],"Collected":true,"FailureReason":null},{"ObjectIdentifier":"CONTROL.NYX-S-1-5-32-578","Name":"IGNOREME","Results":[],"LocalNames":[],"Collected":true,"FailureReason":null},{"ObjectIdentifier":"CONTROL.NYX-S-1-5-32-579","Name":"IGNOREME","Results":[],"LocalNames":[],"Collected":true,"FailureReason":null},{"ObjectIdentifier":"CONTROL.NYX-S-1-5-32-580","Name":"IGNOREME","Results":[{"ObjectIdentifier":"S-1-5-21-2142633474-2248127568-3584646925-1103","ObjectType":"User"}],"LocalNames":[],"Collected":true,"FailureReason":null},{"ObjectIdentifier":"CONTROL.NYX-S-1-5-32-582","Name":"IGNOREME","Results":[],"LocalNames":[],"Collected":true,"FailureReason":null}],"UserRights":[],"DCRegistryData":{"CertificateMappingMethods":null,"StrongCertificateBindingEnforcement":null},"Status":null,"IsDC":true,"UnconstrainedDelegation":true,"DomainSID":"S-1-5-21-2142633474-2248127568-3584646925","Aces":[{"PrincipalSID":"S-1-5-21-2142633474-2248127568-3584646925-512","PrincipalType":"Group","RightName":"Owns","IsInherited":false,"InheritanceHash":""},{"PrincipalSID":"S-1-5-21-2142633474-2248127568-3584646925-512","PrincipalType":"Group","RightName":"GenericAll","IsInherited":false,"InheritanceHash":""},{"PrincipalSID":"S-1-5-21-2142633474-2248127568-3584646925-512","PrincipalType":"Group","RightName":"WriteAccountRestrictions","IsInherited":false,"InheritanceHash":""},{"PrincipalSID":"S-1-5-21-2142633474-2248127568-3584646925-526","PrincipalType":"Group","RightName":"AddKeyCredentialLink","IsInherited":true,"InheritanceHash":"8EE3A212473764F020825CE6739CBD91BDCBBB07"},{"PrincipalSID":"S-1-5-21-2142633474-2248127568-3584646925-527","PrincipalType":"Group","RightName":"AddKeyCredentialLink","IsInherited":true,"InheritanceHash":"98CE3E1F132A5ACD78F5D2BDEBF6AF1C9873EBCA"},{"PrincipalSID":"S-1-5-21-2142633474-2248127568-3584646925-519","PrincipalType":"Group","RightName":"GenericAll","IsInherited":true,"InheritanceHash":"2B70C541025ADC1ECA02A83D86E5BB8AD76343C0"},{"PrincipalSID":"CONTROL.NYX-S-1-5-32-544","PrincipalType":"Group","RightName":"WriteDacl","IsInherited":true,"InheritanceHash":"62C26D4FB3FF64505B03CDD35D648DFBC6C157CC"},{"PrincipalSID":"CONTROL.NYX-S-1-5-32-544","PrincipalType":"Group","RightName":"WriteOwner","IsInherited":true,"InheritanceHash":"62C26D4FB3FF64505B03CDD35D648DFBC6C157CC"},{"PrincipalSID":"CONTROL.NYX-S-1-5-32-544","PrincipalType":"Group","RightName":"GenericWrite","IsInherited":true,"InheritanceHash":"62C26D4FB3FF64505B03CDD35D648DFBC6C157CC"}],"ObjectIdentifier":"S-1-5-21-2142633474-2248127568-3584646925-1000","IsDeleted":false,"IsACLProtected":false,"ContainedBy":{"ObjectIdentifier":"B522A7EF-4398-486C-A0D3-4C96E5395EAA","ObjectType":"OU"}}],"meta":{"methods":291819,"type":"computers","count":1,"version":6,"collectorversion":"2.5.13.0"}}