{"data":[{"Properties":{"domain":"CONTROL.NYX","name":"ADMINISTRATOR@CONTROL.NYX","distinguishedname":"CN=ADMINISTRATOR,CN=USERS,DC=CONTROL,DC=NYX","domainsid":"S-1-5-21-2142633474-2248127568-3584646925","samaccountname":"Administrator","isaclprotected":true,"description":"(Account Enabled)","whencreated":1729596054,"sensitive":false,"dontreqpreauth":false,"passwordnotreqd":false,"unconstraineddelegation":false,"pwdneverexpires":true,"enabled":true,"trustedtoauth":false,"smartcardrequired":false,"encryptedtextpwdallowed":false,"usedeskeyonly":false,"logonscriptenabled":false,"lockedout":false,"passwordcantchange":false,"passwordexpired":false,"lastlogon":1729739574,"lastlogontimestamp":1729621658,"pwdlastset":1729630782,"serviceprincipalnames":[],"hasspn":false,"displayname":null,"email":null,"title":null,"homedirectory":null,"userpassword":null,"unixpassword":null,"unicodepassword":null,"sfupassword":null,"logonscript":null,"useraccountcontrol":66048,"profilepath":null,"admincount":true,"supportedencryptiontypes":null,"sidhistory":[]},"AllowedToDelegate":[],"PrimaryGroupSID":"S-1-5-21-2142633474-2248127568-3584646925-513","HasSIDHistory":[],"SPNTargets":[],"UnconstrainedDelegation":false,"DomainSID":"S-1-5-21-2142633474-2248127568-3584646925","Aces":[{"PrincipalSID":"S-1-5-21-2142633474-2248127568-3584646925-512","PrincipalType":"Group","RightName":"Owns","IsInherited":false,"InheritanceHash":""},{"PrincipalSID":"CONTROL.NYX-S-1-5-32-544","PrincipalType":"Group","RightName":"WriteDacl","IsInherited":false,"InheritanceHash":""},{"PrincipalSID":"CONTROL.NYX-S-1-5-32-544","PrincipalType":"Group","RightName":"WriteOwner","IsInherited":false,"InheritanceHash":""},{"PrincipalSID":"CONTROL.NYX-S-1-5-32-544","PrincipalType":"Group","RightName":"AllExtendedRights","IsInherited":false,"InheritanceHash":""},{"PrincipalSID":"CONTROL.NYX-S-1-5-32-544","PrincipalType":"Group","RightName":"GenericWrite","IsInherited":false,"InheritanceHash":""},{"PrincipalSID":"S-1-5-21-2142633474-2248127568-3584646925-512","PrincipalType":"Group","RightName":"WriteDacl","IsInherited":false,"InheritanceHash":""},{"PrincipalSID":"S-1-5-21-2142633474-2248127568-3584646925-512","PrincipalType":"Group","RightName":"WriteOwner","IsInherited":false,"InheritanceHash":""},{"PrincipalSID":"S-1-5-21-2142633474-2248127568-3584646925-512","PrincipalType":"Group","RightName":"AllExtendedRights","IsInherited":false,"InheritanceHash":""},{"PrincipalSID":"S-1-5-21-2142633474-2248127568-3584646925-512","PrincipalType":"Group","RightName":"GenericWrite","IsInherited":false,"InheritanceHash":""},{"PrincipalSID":"S-1-5-21-2142633474-2248127568-3584646925-519","PrincipalType":"Group","RightName":"WriteDacl","IsInherited":false,"InheritanceHash":""},{"PrincipalSID":"S-1-5-21-2142633474-2248127568-3584646925-519","PrincipalType":"Group","RightName":"WriteOwner","IsInherited":false,"InheritanceHash":""},{"PrincipalSID":"S-1-5-21-2142633474-2248127568-3584646925-519","PrincipalType":"Group","RightName":"AllExtendedRights","IsInherited":false,"InheritanceHash":""},{"PrincipalSID":"S-1-5-21-2142633474-2248127568-3584646925-519","PrincipalType":"Group","RightName":"GenericWrite","IsInherited":false,"InheritanceHash":""}],"ObjectIdentifier":"S-1-5-21-2142633474-2248127568-3584646925-500","IsDeleted":false,"IsACLProtected":true,"ContainedBy":{"ObjectIdentifier":"B7664A37-C00E-4AAE-98FF-6AF69E43863B","ObjectType":"Container"}},{"Properties":{"domain":"CONTROL.NYX","name":"GUEST@CONTROL.NYX","distinguishedname":"CN=GUEST,CN=USERS,DC=CONTROL,DC=NYX","domainsid":"S-1-5-21-2142633474-2248127568-3584646925","samaccountname":"Guest","isaclprotected":false,"description":"(Account Disabled)","whencreated":1729596054,"sensitive":false,"dontreqpreauth":false,"passwordnotreqd":true,"unconstraineddelegation":false,"pwdneverexpires":true,"enabled":false,"trustedtoauth":false,"smartcardrequired":false,"encryptedtextpwdallowed":false,"usedeskeyonly":false,"logonscriptenabled":false,"lockedout":false,"passwordcantchange":false,"passwordexpired":false,"lastlogon":0,"lastlogontimestamp":-1,"pwdlastset":0,"serviceprincipalnames":[],"hasspn":false,"displayname":null,"email":null,"title":null,"homedirectory":null,"userpassword":null,"unixpassword":null,"unicodepassword":null,"sfupassword":null,"logonscript":null,"useraccountcontrol":66082,"profilepath":null,"admincount":false,"supportedencryptiontypes":null,"sidhistory":[]},"AllowedToDelegate":[],"PrimaryGroupSID":"S-1-5-21-2142633474-2248127568-3584646925-514","HasSIDHistory":[],"SPNTargets":[],"UnconstrainedDelegation":false,"DomainSID":"S-1-5-21-2142633474-2248127568-3584646925","Aces":[{"PrincipalSID":"CONTROL.NYX-S-1-5-32-544","PrincipalType":"Group","RightName":"Owns","IsInherited":false,"InheritanceHash":""},{"PrincipalSID":"CONTROL.NYX-S-1-5-32-548","PrincipalType":"Group","RightName":"GenericAll","IsInherited":false,"InheritanceHash":""},{"PrincipalSID":"S-1-5-21-2142633474-2248127568-3584646925-512","PrincipalType":"Group","RightName":"GenericAll","IsInherited":false,"InheritanceHash":""},{"PrincipalSID":"S-1-5-21-2142633474-2248127568-3584646925-526","PrincipalType":"Group","RightName":"AddKeyCredentialLink","IsInherited":true,"InheritanceHash":"8EE3A212473764F020825CE6739CBD91BDCBBB07"},{"PrincipalSID":"S-1-5-21-2142633474-2248127568-3584646925-527","PrincipalType":"Group","RightName":"AddKeyCredentialLink","IsInherited":true,"InheritanceHash":"98CE3E1F132A5ACD78F5D2BDEBF6AF1C9873EBCA"},{"PrincipalSID":"S-1-5-21-2142633474-2248127568-3584646925-519","PrincipalType":"Group","RightName":"GenericAll","IsInherited":true,"InheritanceHash":"2B70C541025ADC1ECA02A83D86E5BB8AD76343C0"},{"PrincipalSID":"CONTROL.NYX-S-1-5-32-544","PrincipalType":"Group","RightName":"WriteDacl","IsInherited":true,"InheritanceHash":"62C26D4FB3FF64505B03CDD35D648DFBC6C157CC"},{"PrincipalSID":"CONTROL.NYX-S-1-5-32-544","PrincipalType":"Group","RightName":"WriteOwner","IsInherited":true,"InheritanceHash":"62C26D4FB3FF64505B03CDD35D648DFBC6C157CC"},{"PrincipalSID":"CONTROL.NYX-S-1-5-32-544","PrincipalType":"Group","RightName":"AllExtendedRights","IsInherited":true,"InheritanceHash":"62C26D4FB3FF64505B03CDD35D648DFBC6C157CC"},{"PrincipalSID":"CONTROL.NYX-S-1-5-32-544","PrincipalType":"Group","RightName":"GenericWrite","IsInherited":true,"InheritanceHash":"62C26D4FB3FF64505B03CDD35D648DFBC6C157CC"}],"ObjectIdentifier":"S-1-5-21-2142633474-2248127568-3584646925-501","IsDeleted":false,"IsACLProtected":false,"ContainedBy":{"ObjectIdentifier":"B7664A37-C00E-4AAE-98FF-6AF69E43863B","ObjectType":"Container"}},{"Properties":{"domain":"CONTROL.NYX","name":"KRBTGT@CONTROL.NYX","distinguishedname":"CN=KRBTGT,CN=USERS,DC=CONTROL,DC=NYX","domainsid":"S-1-5-21-2142633474-2248127568-3584646925","samaccountname":"krbtgt","isaclprotected":true,"description":"Key Distribution Center Service Account","whencreated":1729596094,"sensitive":false,"dontreqpreauth":false,"passwordnotreqd":false,"unconstraineddelegation":false,"pwdneverexpires":false,"enabled":false,"trustedtoauth":false,"smartcardrequired":false,"encryptedtextpwdallowed":false,"usedeskeyonly":false,"logonscriptenabled":false,"lockedout":false,"passwordcantchange":false,"passwordexpired":false,"lastlogon":0,"lastlogontimestamp":-1,"pwdlastset":1729621294,"serviceprincipalnames":["kadmin/changepw"],"hasspn":true,"displayname":null,"email":null,"title":null,"homedirectory":null,"userpassword":null,"unixpassword":null,"unicodepassword":null,"sfupassword":null,"logonscript":null,"useraccountcontrol":514,"profilepath":null,"admincount":true,"supportedencryptiontypes":["Not defined"],"sidhistory":[]},"AllowedToDelegate":[],"PrimaryGroupSID":"S-1-5-21-2142633474-2248127568-3584646925-513","HasSIDHistory":[],"SPNTargets":[],"UnconstrainedDelegation":false,"DomainSID":"S-1-5-21-2142633474-2248127568-3584646925","Aces":[{"PrincipalSID":"S-1-5-21-2142633474-2248127568-3584646925-512","PrincipalType":"Group","RightName":"Owns","IsInherited":false,"InheritanceHash":""},{"PrincipalSID":"CONTROL.NYX-S-1-5-32-544","PrincipalType":"Group","RightName":"WriteDacl","IsInherited":false,"InheritanceHash":""},{"PrincipalSID":"CONTROL.NYX-S-1-5-32-544","PrincipalType":"Group","RightName":"WriteOwner","IsInherited":false,"InheritanceHash":""},{"PrincipalSID":"CONTROL.NYX-S-1-5-32-544","PrincipalType":"Group","RightName":"AllExtendedRights","IsInherited":false,"InheritanceHash":""},{"PrincipalSID":"CONTROL.NYX-S-1-5-32-544","PrincipalType":"Group","RightName":"GenericWrite","IsInherited":false,"InheritanceHash":""},{"PrincipalSID":"S-1-5-21-2142633474-2248127568-3584646925-512","PrincipalType":"Group","RightName":"WriteDacl","IsInherited":false,"InheritanceHash":""},{"PrincipalSID":"S-1-5-21-2142633474-2248127568-3584646925-512","PrincipalType":"Group","RightName":"WriteOwner","IsInherited":false,"InheritanceHash":""},{"PrincipalSID":"S-1-5-21-2142633474-2248127568-3584646925-512","PrincipalType":"Group","RightName":"AllExtendedRights","IsInherited":false,"InheritanceHash":""},{"PrincipalSID":"S-1-5-21-2142633474-2248127568-3584646925-512","PrincipalType":"Group","RightName":"GenericWrite","IsInherited":false,"InheritanceHash":""},{"PrincipalSID":"S-1-5-21-2142633474-2248127568-3584646925-519","PrincipalType":"Group","RightName":"WriteDacl","IsInherited":false,"InheritanceHash":""},{"PrincipalSID":"S-1-5-21-2142633474-2248127568-3584646925-519","PrincipalType":"Group","RightName":"WriteOwner","IsInherited":false,"InheritanceHash":""},{"PrincipalSID":"S-1-5-21-2142633474-2248127568-3584646925-519","PrincipalType":"Group","RightName":"AllExtendedRights","IsInherited":false,"InheritanceHash":""},{"PrincipalSID":"S-1-5-21-2142633474-2248127568-3584646925-519","PrincipalType":"Group","RightName":"GenericWrite","IsInherited":false,"InheritanceHash":""}],"ObjectIdentifier":"S-1-5-21-2142633474-2248127568-3584646925-502","IsDeleted":false,"IsACLProtected":true,"ContainedBy":{"ObjectIdentifier":"B7664A37-C00E-4AAE-98FF-6AF69E43863B","ObjectType":"Container"}},{"Properties":{"domain":"CONTROL.NYX","name":"J.LEVY@CONTROL.NYX","distinguishedname":"CN=JOHN LEVY,CN=USERS,DC=CONTROL,DC=NYX","domainsid":"S-1-5-21-2142633474-2248127568-3584646925","samaccountname":"j.levy","isaclprotected":false,"description":"(Account Enabled)","whencreated":1729596647,"sensitive":false,"dontreqpreauth":false,"passwordnotreqd":false,"unconstraineddelegation":false,"pwdneverexpires":true,"enabled":true,"trustedtoauth":false,"smartcardrequired":false,"encryptedtextpwdallowed":false,"usedeskeyonly":false,"logonscriptenabled":false,"lockedout":false,"passwordcantchange":false,"passwordexpired":false,"lastlogon":1737185140,"lastlogontimestamp":1737185140,"pwdlastset":1729630212,"serviceprincipalnames":[],"hasspn":false,"displayname":"John Levy","email":null,"title":null,"homedirectory":null,"userpassword":null,"unixpassword":null,"unicodepassword":null,"sfupassword":null,"logonscript":null,"useraccountcontrol":66048,"profilepath":null,"admincount":false,"supportedencryptiontypes":null,"sidhistory":[]},"AllowedToDelegate":[],"PrimaryGroupSID":"S-1-5-21-2142633474-2248127568-3584646925-513","HasSIDHistory":[],"SPNTargets":[],"UnconstrainedDelegation":false,"DomainSID":"S-1-5-21-2142633474-2248127568-3584646925","Aces":[{"PrincipalSID":"S-1-5-21-2142633474-2248127568-3584646925-512","PrincipalType":"Group","RightName":"Owns","IsInherited":false,"InheritanceHash":""},{"PrincipalSID":"CONTROL.NYX-S-1-5-32-548","PrincipalType":"Group","RightName":"GenericAll","IsInherited":false,"InheritanceHash":""},{"PrincipalSID":"S-1-5-21-2142633474-2248127568-3584646925-512","PrincipalType":"Group","RightName":"GenericAll","IsInherited":false,"InheritanceHash":""},{"PrincipalSID":"S-1-5-21-2142633474-2248127568-3584646925-526","PrincipalType":"Group","RightName":"AddKeyCredentialLink","IsInherited":true,"InheritanceHash":"8EE3A212473764F020825CE6739CBD91BDCBBB07"},{"PrincipalSID":"S-1-5-21-2142633474-2248127568-3584646925-527","PrincipalType":"Group","RightName":"AddKeyCredentialLink","IsInherited":true,"InheritanceHash":"98CE3E1F132A5ACD78F5D2BDEBF6AF1C9873EBCA"},{"PrincipalSID":"S-1-5-21-2142633474-2248127568-3584646925-519","PrincipalType":"Group","RightName":"GenericAll","IsInherited":true,"InheritanceHash":"2B70C541025ADC1ECA02A83D86E5BB8AD76343C0"},{"PrincipalSID":"CONTROL.NYX-S-1-5-32-544","PrincipalType":"Group","RightName":"WriteDacl","IsInherited":true,"InheritanceHash":"62C26D4FB3FF64505B03CDD35D648DFBC6C157CC"},{"PrincipalSID":"CONTROL.NYX-S-1-5-32-544","PrincipalType":"Group","RightName":"WriteOwner","IsInherited":true,"InheritanceHash":"62C26D4FB3FF64505B03CDD35D648DFBC6C157CC"},{"PrincipalSID":"CONTROL.NYX-S-1-5-32-544","PrincipalType":"Group","RightName":"AllExtendedRights","IsInherited":true,"InheritanceHash":"62C26D4FB3FF64505B03CDD35D648DFBC6C157CC"},{"PrincipalSID":"CONTROL.NYX-S-1-5-32-544","PrincipalType":"Group","RightName":"GenericWrite","IsInherited":true,"InheritanceHash":"62C26D4FB3FF64505B03CDD35D648DFBC6C157CC"}],"ObjectIdentifier":"S-1-5-21-2142633474-2248127568-3584646925-1103","IsDeleted":false,"IsACLProtected":false,"ContainedBy":{"ObjectIdentifier":"B7664A37-C00E-4AAE-98FF-6AF69E43863B","ObjectType":"Container"}},{"Properties":{"domain":"CONTROL.NYX","name":"B.LEWIS@CONTROL.NYX","distinguishedname":"CN=BEN LEWIS,CN=USERS,DC=CONTROL,DC=NYX","domainsid":"S-1-5-21-2142633474-2248127568-3584646925","samaccountname":"b.lewis","isaclprotected":false,"description":"(Account Enabled)","whencreated":1729603443,"sensitive":false,"dontreqpreauth":true,"passwordnotreqd":false,"unconstraineddelegation":false,"pwdneverexpires":true,"enabled":true,"trustedtoauth":false,"smartcardrequired":false,"encryptedtextpwdallowed":false,"usedeskeyonly":false,"logonscriptenabled":false,"lockedout":false,"passwordcantchange":false,"passwordexpired":false,"lastlogon":1737179532,"lastlogontimestamp":1737174798,"pwdlastset":1729628644,"serviceprincipalnames":[],"hasspn":false,"displayname":"Ben Lewis","email":null,"title":null,"homedirectory":null,"userpassword":null,"unixpassword":null,"unicodepassword":null,"sfupassword":null,"logonscript":null,"useraccountcontrol":4260352,"profilepath":null,"admincount":false,"supportedencryptiontypes":["Not defined"],"sidhistory":[]},"AllowedToDelegate":[],"PrimaryGroupSID":"S-1-5-21-2142633474-2248127568-3584646925-513","HasSIDHistory":[],"SPNTargets":[],"UnconstrainedDelegation":false,"DomainSID":"S-1-5-21-2142633474-2248127568-3584646925","Aces":[{"PrincipalSID":"S-1-5-21-2142633474-2248127568-3584646925-512","PrincipalType":"Group","RightName":"Owns","IsInherited":false,"InheritanceHash":""},{"PrincipalSID":"CONTROL.NYX-S-1-5-32-548","PrincipalType":"Group","RightName":"GenericAll","IsInherited":false,"InheritanceHash":""},{"PrincipalSID":"S-1-5-21-2142633474-2248127568-3584646925-512","PrincipalType":"Group","RightName":"GenericAll","IsInherited":false,"InheritanceHash":""},{"PrincipalSID":"S-1-5-21-2142633474-2248127568-3584646925-526","PrincipalType":"Group","RightName":"AddKeyCredentialLink","IsInherited":true,"InheritanceHash":"8EE3A212473764F020825CE6739CBD91BDCBBB07"},{"PrincipalSID":"S-1-5-21-2142633474-2248127568-3584646925-527","PrincipalType":"Group","RightName":"AddKeyCredentialLink","IsInherited":true,"InheritanceHash":"98CE3E1F132A5ACD78F5D2BDEBF6AF1C9873EBCA"},{"PrincipalSID":"S-1-5-21-2142633474-2248127568-3584646925-519","PrincipalType":"Group","RightName":"GenericAll","IsInherited":true,"InheritanceHash":"2B70C541025ADC1ECA02A83D86E5BB8AD76343C0"},{"PrincipalSID":"CONTROL.NYX-S-1-5-32-544","PrincipalType":"Group","RightName":"WriteDacl","IsInherited":true,"InheritanceHash":"62C26D4FB3FF64505B03CDD35D648DFBC6C157CC"},{"PrincipalSID":"CONTROL.NYX-S-1-5-32-544","PrincipalType":"Group","RightName":"WriteOwner","IsInherited":true,"InheritanceHash":"62C26D4FB3FF64505B03CDD35D648DFBC6C157CC"},{"PrincipalSID":"CONTROL.NYX-S-1-5-32-544","PrincipalType":"Group","RightName":"AllExtendedRights","IsInherited":true,"InheritanceHash":"62C26D4FB3FF64505B03CDD35D648DFBC6C157CC"},{"PrincipalSID":"CONTROL.NYX-S-1-5-32-544","PrincipalType":"Group","RightName":"GenericWrite","IsInherited":true,"InheritanceHash":"62C26D4FB3FF64505B03CDD35D648DFBC6C157CC"}],"ObjectIdentifier":"S-1-5-21-2142633474-2248127568-3584646925-1104","IsDeleted":false,"IsACLProtected":false,"ContainedBy":{"ObjectIdentifier":"B7664A37-C00E-4AAE-98FF-6AF69E43863B","ObjectType":"Container"}},{"Properties":{"domain":"CONTROL.NYX","name":"M.KLEIN@CONTROL.NYX","distinguishedname":"CN=MIKE KLEIN,CN=USERS,DC=CONTROL,DC=NYX","domainsid":"S-1-5-21-2142633474-2248127568-3584646925","samaccountname":"m.klein","isaclprotected":false,"description":"(Account Disabled)","whencreated":1729603593,"sensitive":false,"dontreqpreauth":false,"passwordnotreqd":false,"unconstraineddelegation":false,"pwdneverexpires":true,"enabled":false,"trustedtoauth":false,"smartcardrequired":false,"encryptedtextpwdallowed":false,"usedeskeyonly":false,"logonscriptenabled":false,"lockedout":false,"passwordcantchange":false,"passwordexpired":false,"lastlogon":0,"lastlogontimestamp":1729629244,"pwdlastset":1729628793,"serviceprincipalnames":[],"hasspn":false,"displayname":"Mike Klein","email":null,"title":null,"homedirectory":null,"userpassword":null,"unixpassword":null,"unicodepassword":null,"sfupassword":null,"logonscript":null,"useraccountcontrol":66050,"profilepath":null,"admincount":false,"supportedencryptiontypes":null,"sidhistory":[]},"AllowedToDelegate":[],"PrimaryGroupSID":"S-1-5-21-2142633474-2248127568-3584646925-513","HasSIDHistory":[],"SPNTargets":[],"UnconstrainedDelegation":false,"DomainSID":"S-1-5-21-2142633474-2248127568-3584646925","Aces":[{"PrincipalSID":"S-1-5-21-2142633474-2248127568-3584646925-512","PrincipalType":"Group","RightName":"Owns","IsInherited":false,"InheritanceHash":""},{"PrincipalSID":"CONTROL.NYX-S-1-5-32-548","PrincipalType":"Group","RightName":"GenericAll","IsInherited":false,"InheritanceHash":""},{"PrincipalSID":"S-1-5-21-2142633474-2248127568-3584646925-512","PrincipalType":"Group","RightName":"GenericAll","IsInherited":false,"InheritanceHash":""},{"PrincipalSID":"S-1-5-21-2142633474-2248127568-3584646925-526","PrincipalType":"Group","RightName":"AddKeyCredentialLink","IsInherited":true,"InheritanceHash":"8EE3A212473764F020825CE6739CBD91BDCBBB07"},{"PrincipalSID":"S-1-5-21-2142633474-2248127568-3584646925-527","PrincipalType":"Group","RightName":"AddKeyCredentialLink","IsInherited":true,"InheritanceHash":"98CE3E1F132A5ACD78F5D2BDEBF6AF1C9873EBCA"},{"PrincipalSID":"S-1-5-21-2142633474-2248127568-3584646925-519","PrincipalType":"Group","RightName":"GenericAll","IsInherited":true,"InheritanceHash":"2B70C541025ADC1ECA02A83D86E5BB8AD76343C0"},{"PrincipalSID":"CONTROL.NYX-S-1-5-32-544","PrincipalType":"Group","RightName":"WriteDacl","IsInherited":true,"InheritanceHash":"62C26D4FB3FF64505B03CDD35D648DFBC6C157CC"},{"PrincipalSID":"CONTROL.NYX-S-1-5-32-544","PrincipalType":"Group","RightName":"WriteOwner","IsInherited":true,"InheritanceHash":"62C26D4FB3FF64505B03CDD35D648DFBC6C157CC"},{"PrincipalSID":"CONTROL.NYX-S-1-5-32-544","PrincipalType":"Group","RightName":"AllExtendedRights","IsInherited":true,"InheritanceHash":"62C26D4FB3FF64505B03CDD35D648DFBC6C157CC"},{"PrincipalSID":"CONTROL.NYX-S-1-5-32-544","PrincipalType":"Group","RightName":"GenericWrite","IsInherited":true,"InheritanceHash":"62C26D4FB3FF64505B03CDD35D648DFBC6C157CC"}],"ObjectIdentifier":"S-1-5-21-2142633474-2248127568-3584646925-1105","IsDeleted":false,"IsACLProtected":false,"ContainedBy":{"ObjectIdentifier":"B7664A37-C00E-4AAE-98FF-6AF69E43863B","ObjectType":"Container"}},{"Properties":{"domain":"CONTROL.NYX","name":"D.PETROV@CONTROL.NYX","distinguishedname":"CN=DAVE PETROV,CN=USERS,DC=CONTROL,DC=NYX","domainsid":"S-1-5-21-2142633474-2248127568-3584646925","samaccountname":"d.petrov","isaclprotected":false,"description":"(Account Disabled)","whencreated":1729603670,"sensitive":false,"dontreqpreauth":false,"passwordnotreqd":false,"unconstraineddelegation":false,"pwdneverexpires":true,"enabled":false,"trustedtoauth":false,"smartcardrequired":false,"encryptedtextpwdallowed":false,"usedeskeyonly":false,"logonscriptenabled":false,"lockedout":false,"passwordcantchange":false,"passwordexpired":false,"lastlogon":0,"lastlogontimestamp":1729629255,"pwdlastset":1729628870,"serviceprincipalnames":[],"hasspn":false,"displayname":"Dave Petrov","email":null,"title":null,"homedirectory":null,"userpassword":null,"unixpassword":null,"unicodepassword":null,"sfupassword":null,"logonscript":null,"useraccountcontrol":66050,"profilepath":null,"admincount":false,"supportedencryptiontypes":null,"sidhistory":[]},"AllowedToDelegate":[],"PrimaryGroupSID":"S-1-5-21-2142633474-2248127568-3584646925-513","HasSIDHistory":[],"SPNTargets":[],"UnconstrainedDelegation":false,"DomainSID":"S-1-5-21-2142633474-2248127568-3584646925","Aces":[{"PrincipalSID":"S-1-5-21-2142633474-2248127568-3584646925-512","PrincipalType":"Group","RightName":"Owns","IsInherited":false,"InheritanceHash":""},{"PrincipalSID":"CONTROL.NYX-S-1-5-32-548","PrincipalType":"Group","RightName":"GenericAll","IsInherited":false,"InheritanceHash":""},{"PrincipalSID":"S-1-5-21-2142633474-2248127568-3584646925-512","PrincipalType":"Group","RightName":"GenericAll","IsInherited":false,"InheritanceHash":""},{"PrincipalSID":"S-1-5-21-2142633474-2248127568-3584646925-526","PrincipalType":"Group","RightName":"AddKeyCredentialLink","IsInherited":true,"InheritanceHash":"8EE3A212473764F020825CE6739CBD91BDCBBB07"},{"PrincipalSID":"S-1-5-21-2142633474-2248127568-3584646925-527","PrincipalType":"Group","RightName":"AddKeyCredentialLink","IsInherited":true,"InheritanceHash":"98CE3E1F132A5ACD78F5D2BDEBF6AF1C9873EBCA"},{"PrincipalSID":"S-1-5-21-2142633474-2248127568-3584646925-519","PrincipalType":"Group","RightName":"GenericAll","IsInherited":true,"InheritanceHash":"2B70C541025ADC1ECA02A83D86E5BB8AD76343C0"},{"PrincipalSID":"CONTROL.NYX-S-1-5-32-544","PrincipalType":"Group","RightName":"WriteDacl","IsInherited":true,"InheritanceHash":"62C26D4FB3FF64505B03CDD35D648DFBC6C157CC"},{"PrincipalSID":"CONTROL.NYX-S-1-5-32-544","PrincipalType":"Group","RightName":"WriteOwner","IsInherited":true,"InheritanceHash":"62C26D4FB3FF64505B03CDD35D648DFBC6C157CC"},{"PrincipalSID":"CONTROL.NYX-S-1-5-32-544","PrincipalType":"Group","RightName":"AllExtendedRights","IsInherited":true,"InheritanceHash":"62C26D4FB3FF64505B03CDD35D648DFBC6C157CC"},{"PrincipalSID":"CONTROL.NYX-S-1-5-32-544","PrincipalType":"Group","RightName":"GenericWrite","IsInherited":true,"InheritanceHash":"62C26D4FB3FF64505B03CDD35D648DFBC6C157CC"}],"ObjectIdentifier":"S-1-5-21-2142633474-2248127568-3584646925-1106","IsDeleted":false,"IsACLProtected":false,"ContainedBy":{"ObjectIdentifier":"B7664A37-C00E-4AAE-98FF-6AF69E43863B","ObjectType":"Container"}},{"Properties":{"domain":"CONTROL.NYX","name":"A.HANSEN@CONTROL.NYX","distinguishedname":"CN=AXEL HANSEN,CN=USERS,DC=CONTROL,DC=NYX","domainsid":"S-1-5-21-2142633474-2248127568-3584646925","samaccountname":"a.hansen","isaclprotected":false,"description":"(Account Disabled)","whencreated":1729603731,"sensitive":false,"dontreqpreauth":false,"passwordnotreqd":false,"unconstraineddelegation":false,"pwdneverexpires":true,"enabled":false,"trustedtoauth":false,"smartcardrequired":false,"encryptedtextpwdallowed":false,"usedeskeyonly":false,"logonscriptenabled":false,"lockedout":false,"passwordcantchange":false,"passwordexpired":false,"lastlogon":0,"lastlogontimestamp":1729629267,"pwdlastset":1729628931,"serviceprincipalnames":[],"hasspn":false,"displayname":"Axel Hansen","email":null,"title":null,"homedirectory":null,"userpassword":null,"unixpassword":null,"unicodepassword":null,"sfupassword":null,"logonscript":null,"useraccountcontrol":66050,"profilepath":null,"admincount":false,"supportedencryptiontypes":null,"sidhistory":[]},"AllowedToDelegate":[],"PrimaryGroupSID":"S-1-5-21-2142633474-2248127568-3584646925-513","HasSIDHistory":[],"SPNTargets":[],"UnconstrainedDelegation":false,"DomainSID":"S-1-5-21-2142633474-2248127568-3584646925","Aces":[{"PrincipalSID":"S-1-5-21-2142633474-2248127568-3584646925-512","PrincipalType":"Group","RightName":"Owns","IsInherited":false,"InheritanceHash":""},{"PrincipalSID":"CONTROL.NYX-S-1-5-32-548","PrincipalType":"Group","RightName":"GenericAll","IsInherited":false,"InheritanceHash":""},{"PrincipalSID":"S-1-5-21-2142633474-2248127568-3584646925-512","PrincipalType":"Group","RightName":"GenericAll","IsInherited":false,"InheritanceHash":""},{"PrincipalSID":"S-1-5-21-2142633474-2248127568-3584646925-526","PrincipalType":"Group","RightName":"AddKeyCredentialLink","IsInherited":true,"InheritanceHash":"8EE3A212473764F020825CE6739CBD91BDCBBB07"},{"PrincipalSID":"S-1-5-21-2142633474-2248127568-3584646925-527","PrincipalType":"Group","RightName":"AddKeyCredentialLink","IsInherited":true,"InheritanceHash":"98CE3E1F132A5ACD78F5D2BDEBF6AF1C9873EBCA"},{"PrincipalSID":"S-1-5-21-2142633474-2248127568-3584646925-519","PrincipalType":"Group","RightName":"GenericAll","IsInherited":true,"InheritanceHash":"2B70C541025ADC1ECA02A83D86E5BB8AD76343C0"},{"PrincipalSID":"CONTROL.NYX-S-1-5-32-544","PrincipalType":"Group","RightName":"WriteDacl","IsInherited":true,"InheritanceHash":"62C26D4FB3FF64505B03CDD35D648DFBC6C157CC"},{"PrincipalSID":"CONTROL.NYX-S-1-5-32-544","PrincipalType":"Group","RightName":"WriteOwner","IsInherited":true,"InheritanceHash":"62C26D4FB3FF64505B03CDD35D648DFBC6C157CC"},{"PrincipalSID":"CONTROL.NYX-S-1-5-32-544","PrincipalType":"Group","RightName":"AllExtendedRights","IsInherited":true,"InheritanceHash":"62C26D4FB3FF64505B03CDD35D648DFBC6C157CC"},{"PrincipalSID":"CONTROL.NYX-S-1-5-32-544","PrincipalType":"Group","RightName":"GenericWrite","IsInherited":true,"InheritanceHash":"62C26D4FB3FF64505B03CDD35D648DFBC6C157CC"}],"ObjectIdentifier":"S-1-5-21-2142633474-2248127568-3584646925-1107","IsDeleted":false,"IsACLProtected":false,"ContainedBy":{"ObjectIdentifier":"B7664A37-C00E-4AAE-98FF-6AF69E43863B","ObjectType":"Container"}},{"Properties":{"name":"IUSR@CONTROL.NYX","domainsid":"S-1-5-21-2142633474-2248127568-3584646925","domain":"CONTROL.NYX","reconcile":false},"AllowedToDelegate":[],"PrimaryGroupSID":null,"HasSIDHistory":[],"SPNTargets":[],"UnconstrainedDelegation":false,"DomainSID":null,"Aces":[],"ObjectIdentifier":"CONTROL.NYX-S-1-5-17","IsDeleted":false,"IsACLProtected":false,"ContainedBy":null}],"meta":{"methods":291819,"type":"users","count":9,"version":6,"collectorversion":"2.5.13.0"}}