{"data":[{"GPOChanges":{"LocalAdmins":[],"RemoteDesktopUsers":[],"DcomUsers":[],"PSRemoteUsers":[],"AffectedComputers":[]},"Properties":{"domain":"CONTROL.NYX","name":"DOMAIN CONTROLLERS@CONTROL.NYX","distinguishedname":"OU=DOMAIN CONTROLLERS,DC=CONTROL,DC=NYX","domainsid":"S-1-5-21-2142633474-2248127568-3584646925","isaclprotected":false,"description":"Default container for domain controllers","whencreated":1729596053,"blocksinheritance":false},"Links":[{"IsEnforced":false,"GUID":"7EEB69C1-76DE-46AB-A50E-33F2DB171082"}],"ChildObjects":[],"InheritanceHashes":[],"Aces":[{"PrincipalSID":"S-1-5-21-2142633474-2248127568-3584646925-512","PrincipalType":"Group","RightName":"Owns","IsInherited":false,"InheritanceHash":""},{"PrincipalSID":"S-1-5-21-2142633474-2248127568-3584646925-512","PrincipalType":"Group","RightName":"WriteDacl","IsInherited":false,"InheritanceHash":""},{"PrincipalSID":"S-1-5-21-2142633474-2248127568-3584646925-512","PrincipalType":"Group","RightName":"WriteOwner","IsInherited":false,"InheritanceHash":""},{"PrincipalSID":"S-1-5-21-2142633474-2248127568-3584646925-512","PrincipalType":"Group","RightName":"GenericWrite","IsInherited":false,"InheritanceHash":""},{"PrincipalSID":"S-1-5-21-2142633474-2248127568-3584646925-519","PrincipalType":"Group","RightName":"GenericAll","IsInherited":true,"InheritanceHash":"2B70C541025ADC1ECA02A83D86E5BB8AD76343C0"},{"PrincipalSID":"CONTROL.NYX-S-1-5-32-544","PrincipalType":"Group","RightName":"WriteDacl","IsInherited":true,"InheritanceHash":"62C26D4FB3FF64505B03CDD35D648DFBC6C157CC"},{"PrincipalSID":"CONTROL.NYX-S-1-5-32-544","PrincipalType":"Group","RightName":"WriteOwner","IsInherited":true,"InheritanceHash":"62C26D4FB3FF64505B03CDD35D648DFBC6C157CC"},{"PrincipalSID":"CONTROL.NYX-S-1-5-32-544","PrincipalType":"Group","RightName":"GenericWrite","IsInherited":true,"InheritanceHash":"62C26D4FB3FF64505B03CDD35D648DFBC6C157CC"}],"ObjectIdentifier":"B522A7EF-4398-486C-A0D3-4C96E5395EAA","IsDeleted":false,"IsACLProtected":false,"ContainedBy":{"ObjectIdentifier":"S-1-5-21-2142633474-2248127568-3584646925","ObjectType":"Domain"}}],"meta":{"methods":291819,"type":"ous","count":1,"version":6,"collectorversion":"2.5.13.0"}}